"Name","Unit","Description","UCD (hover for description)"
"CUBEID","-","Internal ID for cube","meta.id"
"CUBEIDPUB","-","Public cube ID","meta.id"
"CUBENAME","-","Name of blue cube file","meta.id"
"CATID","-","Catalog ID from Bryant et al. 2015 and Owers et al. 2017","meta.id"
"PA_STELKIN","deg","Kinematic position angle. Anticlockwise, North=0 degrees","pos.posAng"
"PA_STELKIN_ERR","deg","1-sigma error on the kinematic position angle","pos.posAng"
"SIGMA_RE","km/s","Velocity dispersion from Re Sersic aperture spectra","phys.veloc.dispersion"
"SIGMA_RE_ERR","km/s","1-sigma error on sigma_re","phys.veloc.dispersion"
"SIGMA_3KPC_ROUND","km/s","Velocity dispersion from 3kpc aperture spectra","phys.veloc.dispersion"
"SIGMA_3KPC_ROUND_ERR","km/s","1-sigma error on sigma_3kpc","phys.veloc.dispersion"
"SIGMA_1_4_ARCSECOND","km/s","Velocity dispersion from 1.4 arcsec aperture spectra","phys.veloc.dispersion"
"SIGMA_1_4_ARCSECOND_ERR","km/s","1-sigma error on sigma_1_4_arcsec","phys.veloc.dispersion"
"SIGMA_2_ARCSECOND","km/s","Velocity dispersion from 2 arcsec aperture spectra","phys.veloc.dispersion"
"SIGMA_2_ARCSECOND_ERR","km/s","1-sigma error on sigma_2_arcsec","phys.veloc.dispersion"
"SIGMA_3_ARCSECOND","km/s","Velocity dispersion from 3 arcsec aperture spectra","phys.veloc.dispersion"
"SIGMA_3_ARCSECOND_ERR","km/s","1-sigma error on sigma_3_arcsec","phys.veloc.dispersion"
"SIGMA_4_ARCSECOND","km/s","Velocity dispersion from 4 arcsec aperture spectra","phys.veloc.dispersion"
"SIGMA_4_ARCSECOND_ERR","km/s","1-sigma error on sigma_4_arcsec","phys.veloc.dispersion"
"APER_CORR_FLAG","-","Flag to indicate whether lambdar_re and vsigma_re have been aperture corrected. 0 = no aperture correction applied. 1 = inside-out aperture corrected (rmax < re). 2 = from outside in (re < hwhm_psf)","meta.code.error"
"RMAX_APER_CORR","Re","Radius at which the aperture corrected value was determined from","arith.ratio"
"LAMBDAR_RE","-","Spin Parameter proxy within effective ellipse as defined in van de Sande et al. 2017","arith.ratio"
"LAMBDAR_RE_ERR","-","1-sigma error on lambdar_re","arith.ratio"
"LAMBDAR_MAX","-","Lambdar at maximum radius that is used for aperture correction (where APER_CORR_FLAG = 1)","arith.ratio"
"LAMBDAR_MAX_ERR","-","1-sigma error on lambdar_Max","arith.ratio"
"VSIGMA_RE","-","Flux weighted V/sigma within Re effective ellipse","arith.ratio"
"VSIGMA_RE_ERR","-","1-sigma error on vsigma_e","arith.ratio"
"VSIGMA_MAX","-","V/sigma at maximum radius that is used for aperture correction (where APER_CORR_FLAG = 1)","arith.ratio"
"VSIGMA_MAX_ERR","-","1-sigma error on VSigma_max","arith.ratio"
"MEAN_K51_RE","-","kinematic asymmetry estimate from kinemetry within Re","arith.ratio"
"MEAN_K51_RE_ERR","-","1-sigma error on mean_k51_re","arith.ratio"
"SIGMA_RE_MGE","km/s","Velocity dispersion from MGE Re aperture spectra","phys.veloc.dispersion"
"SIGMA_RE_MGE_ERR","km/s","1-sigma error on sigma_re_mge","phys.veloc.dispersion"
"APER_CORR_FLAG_MGE","-","Flag to indicate whether lambdar_re_mge and vsigma_re_mge have been aperture corrected. 0 = no aperture correction applied. 1 = inside-out aperture corrected (rmax < MGE re). 2 = from outside in (re < hwhm_psf)","meta.code.error"
"RMAX_APER_CORR_MGE","Re","MGE relative Radius at which the aperture corrected value was determined from","arith.ratio"
"LAMBDAR_RE_MGE","-","Spin Parameter proxy within MGE effective ellipse as defined in van de Sande et al. 2017","arith.ratio"
"LAMBDAR_RE_MGE_ERR","-","1-sigma error on lambdar_re_mge","arith.ratio"
"LAMBDAR_MAX_MGE","-","MGE Lambdar at maximum radius that is used for aperture correction (where APER_CORR_FLAG_MGE = 1)","arith.ratio"
"LAMBDAR_MAX_MGE_ERR","-","1-sigma error on lambdar_Max_mge","arith.ratio"
"VSIGMA_RE_MGE","-","Flux weighted V/sigma within MGE Re effective ellipse","arith.ratio"
"VSIGMA_RE_MGE_ERR","-","1-sigma error on vsigma_e_mge","arith.ratio"
"VSIGMA_MAX_MGE","-","MGE V/sigma at maximum radius that is used for aperture correction (where APER_CORR_FLAG_MGE = 1)","arith.ratio"
"VSIGMA_MAX_MGE_ERR","-","1-sigma error on VSigma_max_mge","arith.ratio"
"MEAN_K51_RE_MGE","-","kinematic asymmetry estimate from kinemetry within MGE Re","arith.ratio"
"MEAN_K51_RE_MGE_ERR","-","1-sigma error on mean_k51_re_mge","arith.ratio"